patient_ID,badge_ID,room_number,admission_date,transfer_date,transfer_time,discharge_date,length_of_stay(days),username,password,hours_of_stay
14,234744,3,10/5/2016,10/6/2016,NULL,10/13/2016,8,NULL,NULL,192
37,306725,20,12/9/2016,12/13/2016,NULL,12/20/2016,8,NULL,NULL,192
51,306739,4,3/13/2017,3/30/2017,NULL,4/5/2017,7,NULL,NULL,168
70,307484,24,7/31/2017,8/2/2017,NULL,8/8/2017,7,NULL,NULL,168
87,307636,24,11/27/2017,11/28/2017,NULL,12/4/2017,7,NULL,NULL,168
92,307642,19,2/1/2018,2/4/2018,NULL,2/9/2018,6,NULL,NULL,144
47,306735,1,2/19/2017,2/26/2017,NULL,3/2/2017,5,NULL,NULL,120
48,306721,10,2/24/2017,2/25/2017,NULL,3/1/2017,5,NULL,NULL,120
55,307629,23,4/29/2017,5/6/2017,NULL,5/10/2017,5,NULL,NULL,120
65,302627,12,6/26/2017,6/29/2017,NULL,7/3/2017,5,NULL,NULL,120
94,307484,32,2/5/2018,2/8/2018,NULL,2/12/2018,5,NULL,NULL,120
44,306721,31,1/17/2017,1/21/2017,NULL,1/24/2017,4,NULL,NULL,96
61,307476,11,6/15/2017,6/16/2017,NULL,6/19/2017,4,NULL,NULL,96
80,307636,20,10/16/2017,10/22/2017,NULL,10/25/2017,4,NULL,NULL,96
9,302313,30,9/12/2016,9/14/2016,NULL,9/28/2016,15,NULL,NULL,360
72,307632,23,8/31/2017,9/3/2017,NULL,9/14/2017,12,NULL,NULL,288
89,307643,32,1/8/2018,1/9/2018,NULL,1/19/2018,11,NULL,NULL,264
97,307421,2,2/23/2018,2/26/2018,NULL,3/8/2018,11,NULL,NULL,264
13,302312,9,9/26/2016,9/30/2016,NULL,10/9/2016,10,NULL,NULL,240
26,302312,27,11/9/2016,11/10/2016,NULL,11/19/2016,10,NULL,NULL,240
112,307431,3,8/2/2018,8/7/2018,10:46:00,8/16/2018,10,NULL,NULL,240
27,306716,24,11/4/2016,11/11/2016,NULL,11/19/2016,9,NULL,NULL,216
46,306726,24,2/6/2017,2/13/2017,NULL,2/21/2017,9,NULL,NULL,216
75,307486,26,10/4/2017,10/5/2017,NULL,10/13/2017,9,NULL,NULL,216
45,306730,21,2/1/2017,2/14/2017,NULL,2/21/2017,8,NULL,NULL,192
54,307476,28,5/1/2017,5/4/2017,NULL,5/11/2017,8,NULL,NULL,192
85,307489,6,11/10/2017,11/11/2017,NULL,11/18/2017,8,NULL,NULL,192
90,307632,15,1/4/2018,1/15/2018,NULL,1/22/2018,8,NULL,NULL,192
109,308935,24,7/11/2018,7/18/2018,NULL,7/25/2018,8,NULL,NULL,192
117,308934,3,8/15/2018,8/18/2018,12:34:00,8/25/2018,8,NULL,NULL,192
16,302316,6,10/10/2016,10/11/2016,NULL,10/17/2016,7,NULL,NULL,168
32,306718,5,11/28/2016,11/30/2016,NULL,12/6/2016,7,NULL,NULL,168
59,307478,15,6/1/2017,6/2/2017,NULL,6/8/2017,7,NULL,NULL,168
73,307486,18,9/12/2017,9/13/2017,NULL,9/19/2017,7,NULL,NULL,168
82,307489,32,10/30/2017,10/31/2017,NULL,11/6/2017,7,NULL,NULL,168
103,307423,23,4/19/2018,4/20/2018,NULL,4/26/2018,7,NULL,NULL,168
105,307423,12,5/14/2018,5/18/2018,NULL,5/24/2018,7,NULL,NULL,168
120,307433,9,11/29/2018,12/1/2018,14:51:00,12/7/2018,7,NULL,NULL,168
1,234750,20,8/22/2016,9/1/2016,NULL,9/6/2016,6,NULL,NULL,144
12,302319,20,9/27/2016,9/28/2016,NULL,10/3/2016,6,NULL,NULL,144
34,306720,17,11/29/2016,12/4/2016,NULL,12/9/2016,6,NULL,NULL,144
35,306721,1,11/30/2016,12/1/2016,NULL,12/6/2016,6,NULL,NULL,144
40,32085,25,1/4/2017,1/6/2017,NULL,1/11/2017,6,NULL,NULL,144
58,307478,7,5/15/2017,5/19/2017,NULL,5/24/2017,6,NULL,NULL,144
62,307477,32,6/15/2017,6/20/2017,NULL,6/25/2017,6,NULL,NULL,144
67,307484,11,7/14/2017,7/15/2017,NULL,7/20/2017,6,NULL,NULL,144
68,307479,14,7/17/2017,7/18/2017,NULL,7/23/2017,6,NULL,NULL,144
69,307630,4,7/28/2017,7/30/2017,NULL,8/4/2017,6,NULL,NULL,144
71,307484,0,8/19/2017,8/31/2017,NULL,9/5/2017,6,NULL,NULL,144
79,307489,33,10/13/2017,10/18/2017,NULL,10/23/2017,6,NULL,NULL,144
84,307639,7,11/8/2017,11/9/2017,NULL,11/14/2017,6,NULL,NULL,144
96,307641,33,2/14/2018,2/22/2018,NULL,2/27/2018,6,NULL,NULL,144
111,307434,7,8/1/2018,8/2/2018,NULL,8/7/2018,6,NULL,NULL,144
2,302320,22,8/30/2016,8/31/2016,NULL,9/4/2016,5,NULL,NULL,120
7,302312,10,9/9/2016,9/10/2016,NULL,9/14/2016,5,NULL,NULL,120
10,234750,25,9/14/2016,9/15/2016,NULL,9/19/2016,5,NULL,NULL,120
17,302313,15,10/7/2016,10/12/2016,NULL,10/16/2016,5,NULL,NULL,120
21,302313,29,10/17/2016,10/22/2016,NULL,10/26/2016,5,NULL,NULL,120
24,302313,22,11/3/2016,11/4/2016,NULL,11/8/2016,5,NULL,NULL,120
29,306719,33,11/14/2016,11/15/2016,NULL,11/19/2016,5,NULL,NULL,120
30,306718,14,11/11/2016,11/17/2016,NULL,11/21/2016,5,NULL,NULL,120
38,306721,1,12/5/2016,12/14/2016,NULL,12/18/2016,5,NULL,NULL,120
49,306726,23,3/3/2017,3/5/2017,NULL,3/9/2017,5,NULL,NULL,120
56,307625,23,5/16/2017,5/18/2017,NULL,5/22/2017,5,NULL,NULL,120
77,307635,21,10/11/2017,10/12/2017,NULL,10/16/2017,5,NULL,NULL,120
81,307639,20,10/27/2017,10/28/2017,NULL,11/1/2017,5,NULL,NULL,120
93,307640,30,2/2/2018,2/5/2018,NULL,2/9/2018,5,NULL,NULL,120
95,307641,19,2/15/2018,2/16/2018,NULL,2/20/2018,5,NULL,NULL,120
104,307423,30,5/2/2018,5/4/2018,NULL,5/8/2018,5,NULL,NULL,120
108,307434,6,7/13/2018,7/15/2018,NULL,7/19/2018,5,NULL,NULL,120
110,307434,27,7/19/2018,7/26/2018,NULL,7/30/2018,5,NULL,NULL,120
121,308934,23,1/22/2019,1/23/2019,14:20:00,1/27/2019,5,NULL,NULL,120
25,302312,7,11/4/2016,11/5/2016,NULL,11/8/2016,4,NULL,NULL,96
28,306721,5,11/10/2016,11/11/2016,NULL,11/14/2016,4,NULL,NULL,96
31,302313,22,11/28/2016,11/29/2016,NULL,12/2/2016,4,NULL,NULL,96
33,306716,20,11/29/2016,11/30/2016,NULL,12/3/2016,4,NULL,NULL,96
39,306719,31,12/15/2016,12/16/2016,NULL,12/19/2016,4,NULL,NULL,96
43,306722,30,1/16/2017,1/19/2017,NULL,1/22/2017,4,NULL,NULL,96
57,307625,19,5/25/2017,5/28/2017,NULL,5/31/2017,4,NULL,NULL,96
64,307478,4,6/26/2017,6/27/2017,NULL,6/30/2017,4,NULL,NULL,96
74,307488,28,9/27/2017,10/1/2017,NULL,10/4/2017,4,NULL,NULL,96
76,307638,2,10/6/2017,10/7/2017,NULL,10/10/2017,4,NULL,NULL,96
78,307484,17,10/16/2017,10/22/2017,NULL,10/25/2017,4,NULL,NULL,96
83,307484,8,11/6/2017,11/8/2017,NULL,11/11/2017,4,NULL,NULL,96
88,307644,5,1/4/2018,1/5/2018,NULL,1/8/2018,4,NULL,NULL,96
102,308930,27,4/1/2018,4/8/2018,NULL,4/11/2018,4,NULL,NULL,96
119,307484,24,8/21/2018,8/23/2018,10:37:00,8/26/2018,4,NULL,NULL,96
123,307421,8,1/22/2019,1/27/2019,11:16:00,1/30/2019,4,NULL,NULL,96
5,302319,17,9/7/2016,9/8/2016,NULL,9/10/2016,3,NULL,NULL,72
8,302315,8,9/11/2016,9/14/2016,NULL,9/16/2016,3,NULL,NULL,72
11,234750,21,9/19/2016,9/23/2016,NULL,9/25/2016,3,NULL,NULL,72
19,234744,29,10/10/2016,10/18/2016,NULL,10/20/2016,3,NULL,NULL,72
20,302319,20,10/18/2016,10/21/2016,NULL,10/23/2016,3,NULL,NULL,72
42,306721,2,1/10/2017,1/13/2017,NULL,1/15/2017,3,NULL,NULL,72
52,306736,25,3/27/2017,3/29/2017,NULL,3/31/2017,3,NULL,NULL,72
53,307476,12,4/19/2017,4/21/2017,NULL,4/23/2017,3,NULL,NULL,72
116,308935,32,8/13/2018,8/14/2018,17:47:00,8/16/2018,3,NULL,NULL,72
